Redirect from,Redirect to
/hannah-mcknight-change-your-hair-change-your-life,/blogs/hannah-mcknight/hannah-mcknight-change-your-hair-change-your-life
/shop-the-look-pink-sissy-girl,/blogs/wardrobe/shop-the-look-pink-sissy-girl
/shop-the-look-modern-goth,/blogs/wardrobe/shop-the-look-modern-goth
/breast-forms-101,/blogs/breast-forms-breast-form-care/breast-forms-101
/international-womens-day-2022-break-the-bias,/blogs/events/international-womens-day-2022-break-the-bias
/hannah-mcknight-lingerie-in-lilac,/blogs/hannah-mcknight/hannah-mcknight-lingerie-in-lilac
/hannah-mcknight-our-feminine-flaw,/blogs/hannah-mcknight/hannah-mcknight-our-feminine-flaw
/what-makes-gold-seal-naked-special,/blogs/breast-forms-breast-form-care/what-makes-gold-seal-naked-special
/tbfs-girls-meet-nicki,/blogs/tbfs-girls/tbfs-girls-meet-nicki
/tbfs-girls-meet-emily,/blogs/tbfs-girls/tbfs-girls-meet-emily
/tbfs-girls-meet-hannah,/blogs/hannah-mcknight/tbfs-girls-meet-hannah
/tbfs-girls-meet-sarah,/blogs/tbfs-girls/tbfs-girls-meet-sarah
/tbfs-girls-meet-katrina,/blogs/tbfs-girls/tbfs-girls-meet-katrina
/tbfs-girls-meet-quinetta,/blogs/tbfs-girls/tbfs-girls-meet-quinetta
/does-your-feminine-image-say-guy-in-a-dress,/blogs/community-stories/does-your-feminine-image-say-guy-in-a-dress
/10-tg-voice-tips,/blogs/community-stories/10-tg-voice-tips
/gender-dysphoria-an-open-personal-letter,/blogs/community-stories/gender-dysphoria-an-open-personal-letter
/how-to-find-your-bra-and-breast-form-size,/blogs/breast-forms-breast-form-care/how-to-find-your-bra-and-breast-form-size
/how-to-wash-your-wig-and-get-the-style-back,/blogs/wigs-wig-care/how-to-wash-your-wig-and-get-the-style-back
/how-to-take-care-of-your-breast-forms,/blogs/breast-forms-breast-form-care/how-to-take-care-of-your-breast-forms
/test-driving-aphrodite-breast-forms,/blogs/reviews/test-driving-aphrodite-breast-forms
/femininity-cant-be-bought,/blogs/community-stories/femininity-cant-be-bought
/creating-a-new-wardrobe-on-a-budget,/blogs/community-stories/creating-a-new-wardrobe-on-a-budget
/tbfs-girls-meet-paula,/blogs/tbfs-girls/tbfs-girls-meet-paula
/tbfs-girls-meet-victoria,/blogs/tbfs-girls/tbfs-girls-meet-victoria
/tbfs-girls-meet-trish,/blogs/tbfs-girls/tbfs-girls-meet-trish
/tbfs-girls-meet-natalie,/blogs/tbfs-girls/tbfs-girls-meet-natalie
/how-to-attach-breast-forms-using-double-sided-tapes,/blogs/breast-forms-breast-form-care/how-to-attach-breast-forms-using-double-sided-tapes
/frequently-asked-questions-how-do-pheromones-work,/blogs/beauty/frequently-asked-questions-how-do-pheromones-work
/how-to-attach-jolie-nikki-thigh-hip-pads-from-divine-collection,/blogs/body-shaping/how-to-attach-jolie-nikki-thigh-hip-pads-from-divine-collection
/fitting-advice-wearing-divine-collection-athena-breastplate,/blogs/breast-forms-breast-form-care/fitting-advice-wearing-divine-collection-athena-breastplate
/study-finds-proof-that-humans-react-to-pheromones,/blogs/beauty/study-finds-proof-that-humans-react-to-pheromones
/etiquette-and-dining-tips-for-the-new-transgender-woman,/blogs/community-stories/etiquette-and-dining-tips-for-the-new-transgender-woman
/wig-tips-tricks-every-crossdresser-should-know,/blogs/wigs-wig-care/wig-tips-tricks-every-crossdresser-should-know
/stringpixel-gigantic-transformation-with-gold-seal-naked,/blogs/reviews/stringpixel-gigantic-transformation-with-gold-seal-naked
/feminine-body-language-and-dating-for-the-new-transgender-woman,/blogs/community-stories/feminine-body-language-and-dating-for-the-new-transgender-woman
/bras-and-breast-forms-dos-and-donts,/blogs/breast-forms-breast-form-care/bras-and-breast-forms-dos-and-donts
/10-ways-to-look-more-feminine-when-crossdressing,/blogs/cd-tg-tips/10-ways-to-look-more-feminine-when-crossdressing
/tbfs-girls-meet-lisa-anne,/blogs/tbfs-girls/tbfs-girls-meet-lisa-anne
/the-girl-inside-experiencing-gold-seal-classic-1-breast-forms,/blogs/reviews/the-girl-inside-experiencing-gold-seal-classic-1-breast-forms
/how-to-get-a-feminine-hourglass-figure-male-to-female-transformation-tips,/blogs/body-shaping/how-to-get-a-feminine-hourglass-figure-male-to-female-transformation-tips
/feeling-feminine-down-to-your-fingertips,/blogs/beauty/feeling-feminine-down-to-your-fingertips
/self-adhering-vs-attachable-breast-forms,/blogs/breast-forms-breast-form-care/self-adhering-vs-attachable-breast-forms
/creating-cleavage-the-missing-piece-of-feeling-sexy-while-dressing,/blogs/breast-forms-breast-form-care/creating-cleavage-the-missing-piece-of-feeling-sexy-while-dressing
/tips-for-crossdressing-in-public-how-to-be-more-confident-while-stepping-out,/blogs/cd-tg-tips/tips-for-crossdressing-in-public-how-to-be-more-confident-while-stepping-out
/crossdressing-101-how-to-walk-in-high-heels,/blogs/community-stories/crossdressing-101-how-to-walk-in-high-heels
/cindy-n-gold-seal-naked-avalon-wig-review,/blogs/reviews/cindy-n-gold-seal-naked-avalon-wig-review
/10-fashion-accessories-that-every-crossdresser-needs,/blogs/wardrobe/10-fashion-accessories-that-every-crossdresser-needs
/10-tips-for-coming-out-as-a-crossdresser-or-transgender,/blogs/cd-tg-tips/10-tips-for-coming-out-as-a-crossdresser-or-transgender
/janet-merai-gold-seal-classic-1-1-2-breast-forms-review,/blogs/reviews/janet-merai-gold-seal-classic-1-1-2-breast-forms-review
/8-essential-crossdressing-tips-for-beginners,/blogs/cd-tg-tips/8-essential-crossdressing-tips-for-beginners
/top-5-male-to-female-makeup-mistakes-and-how-to-correct-them,/blogs/beauty/top-5-male-to-female-makeup-mistakes-and-how-to-correct-them
/10-beauty-tips-to-improve-your-feminine-appearance,/blogs/beauty/10-beauty-tips-to-improve-your-feminine-appearance
/20-must-have-items-for-your-male-to-female-transformation,/blogs/cd-tg-tips/20-must-have-items-for-your-male-to-female-transformation
/10-crossdressing-dares-for-male-to-female-crossdressers,/blogs/cd-tg-tips/10-crossdressing-dares-for-male-to-female-crossdressers
/10-lingerie-essentials-every-crossdresser-or-transgender-woman-needs,/blogs/wardrobe/10-lingerie-essentials-every-crossdresser-or-transgender-woman-needs
/facial-feminization-makeup-tips-for-crossdressers-and-trans-women,/blogs/beauty/facial-feminization-makeup-tips-for-crossdressers-and-trans-women
/male-to-female-crossdressing-services-around-the-world,/blogs/cd-tg-tips/male-to-female-crossdressing-services-around-the-world
/makeup-bag-must-haves,/blogs/community-stories/makeup-bag-must-haves
/6-best-body-shapewear-to-get-feminine-curves,/blogs/body-shaping/6-best-body-shapewear-to-get-feminine-curves
/best-hair-wig-tips-for-a-natural-look-for-crossdressers,/blogs/wigs-wig-care/best-hair-wig-tips-for-a-natural-look-for-crossdressers
/facial-feminization-tips-easy-ways-to-feminize-your-facial-features,/blogs/beauty/facial-feminization-tips-easy-ways-to-feminize-your-facial-features
/8-easy-crossdressing-tips-to-look-feminine-and-attractive,/blogs/cd-tg-tips/8-easy-crossdressing-tips-to-look-feminine-and-attractive
/how-to-walk-like-a-lady-crossdressing-advice,/blogs/cd-tg-tips/how-to-walk-like-a-lady-crossdressing-advice
/how-to-cover-5-o-clock-shadow-male-to-female-transformation-tips,/blogs/beauty/how-to-cover-5-o-clock-shadow-male-to-female-transformation-tips
/how-to-be-ladylike-10-tips-to-look-act-and-feel-like-a-lady,/blogs/cd-tg-tips/how-to-be-ladylike-10-tips-to-look-act-and-feel-like-a-lady
/8-tips-for-wearing-wigs-everyday-best-hair-wigs-care-tips,/blogs/wigs-wig-care/8-tips-for-wearing-wigs-everyday-best-hair-wigs-care-tips
/how-to-dress-more-feminine-elegant-mtf-crossdressing-tips,/blogs/cd-tg-tips/how-to-dress-more-feminine-elegant-mtf-crossdressing-tips
/how-to-choose-breast-forms-based-on-your-chest-development,/blogs/breast-forms-breast-form-care/how-to-choose-breast-forms-based-on-your-chest-development
/hannah-mcknight-awakening,/blogs/hannah-mcknight/hannah-mcknight-awakening
/hannah-mcknight-curves,/blogs/hannah-mcknight/hannah-mcknight-curves
/hannah-mcknight-lingerie-review,/blogs/hannah-mcknight/hannah-mcknight-lingerie-review
/hannah-mcknight-this-t-girls-on-fire,/blogs/hannah-mcknight/hannah-mcknight-this-t-girls-on-fire
/hannah-mcknight-totes-adorbs,/blogs/hannah-mcknight/hannah-mcknight-totes-adorbs
/hannah-mcknight-knocking-you-out-with-my-american-thighs,/blogs/hannah-mcknight/hannah-mcknight-knocking-you-out-with-my-american-thighs
/hannah-mcknight-these-are-a-few-more-of-my-favorite-things,/blogs/hannah-mcknight/hannah-mcknight-these-are-a-few-more-of-my-favorite-things
/hannah-mcknight-hera-breast-forms-review,/blogs/hannah-mcknight/hannah-mcknight-hera-breast-forms-review
/hannah-mcknight-flower-power,/blogs/hannah-mcknight/hannah-mcknight-flower-power
/hannah-mcknight-damn-i-feel-like-a-woman-i-think,/blogs/hannah-mcknight/hannah-mcknight-damn-i-feel-like-a-woman-i-think
/hannah-mcknight-how-i-learned-to-stop-worrying-and-love-not-passing,/blogs/hannah-mcknight/hannah-mcknight-how-i-learned-to-stop-worrying-and-love-not-passing
/crossdressing-101-what-you-should-carry-in-your-purse-and-why-part-1,/blogs/cd-tg-tips/crossdressing-101-what-you-should-carry-in-your-purse-and-why-part-1
/crossdressing-101-what-you-should-carry-in-your-purse-and-why-part-2,/blogs/cd-tg-tips/crossdressing-101-what-you-should-carry-in-your-purse-and-why-part-2
/crossdressing-101-what-you-should-carry-in-your-purse-and-why-part-3,/blogs/cd-tg-tips/crossdressing-101-what-you-should-carry-in-your-purse-and-why-part-3
/hannah-mcknight-coming-out-part-1,/blogs/hannah-mcknight/hannah-mcknight-coming-out-part-1
/hannah-mcknight-behold-the-power-of-forms,/blogs/hannah-mcknight/hannah-mcknight-behold-the-power-of-forms
/exploring-adult-baby-sissy-and-lolita-subcultures,/blogs/cd-tg-resources/exploring-adult-baby-sissy-and-lolita-subcultures
/tbfs-photo-contest-additional-winners-announced,/blogs/contests/tbfs-photo-contest-additional-winners-announced
/tbfs-girls-meet-addie,/blogs/tbfs-girls/tbfs-girls-meet-addie
/tbfs-video-contest-winners-announced,/blogs/contests/tbfs-video-contest-winners-announced
/hannah-mcknight-coming-out-part-3,/blogs/hannah-mcknight/hannah-mcknight-coming-out-part-3
/tbfs-photo-contest-winners-announced,/blogs/contests/tbfs-photo-contest-winners-announced
/tbfs-girls-meet-felicia,/blogs/tbfs-girls/tbfs-girls-meet-felicia
/tbfs-girls-meet-matilda,/blogs/tbfs-girls/tbfs-girls-meet-matilda
/tbfs-girls-meet-gogodoll,/blogs/tbfs-girls/tbfs-girls-meet-gogodoll
/tbfs-girls-meet-valentina,/blogs/tbfs-girls/tbfs-girls-meet-valentina
/tbfs-girls-amy-blythe-smith,/blogs/tbfs-girls/tbfs-girls-amy-blythe-smith
/10-costume-ideas-to-spice-up-your-crossdressing,/blogs/wardrobe/10-costume-ideas-to-spice-up-your-crossdressing
/tbfs-girls-meet-georgia-brooks,/blogs/tbfs-girls/tbfs-girls-meet-georgia-brooks
/tbfs-girls-meet-carrie-ganser,/blogs/tbfs-girls/tbfs-girls-meet-carrie-ganser
/tbfs-girls-meet-sofia-valham,/blogs/news/tbfs-girls-meet-sofia-valham
/hannah-mcknight-aftermath,/blogs/news/hannah-mcknight-aftermath
/crossdressing-101-how-to-choose-the-most-flattering-wig-color,/blogs/news/crossdressing-101-how-to-choose-the-most-flattering-wig-color
/hannah-mcknight-friendship-is-magic,/blogs/news/hannah-mcknight-friendship-is-magic
/hannah-mcknight-letting-go-of-envy,/blogs/news/hannah-mcknight-letting-go-of-envy
/tbfs-photo-contest-announced,/blogs/news/tbfs-photo-contest-announced
/hannah-mcknight-partners-and-participation,/blogs/news/hannah-mcknight-partners-and-participation
/plan-ahead-for-the-holidays-your-holiday-shipping-guide-from-the-breast-form-store,/blogs/news/plan-ahead-for-the-holidays-your-holiday-shipping-guide-from-the-breast-form-store
/tbfs-photo-contest-winners-for-november-announced,/blogs/news/tbfs-photo-contest-winners-for-november-announced
/hannah-mcknight-what-it-feels-like-for-a-girl,/blogs/news/hannah-mcknight-what-it-feels-like-for-a-girl
/hannah-mcknight-truth-lies-crossdressing,/blogs/news/hannah-mcknight-truth-lies-crossdressing
/tbfs-photo-contest-season-3-announced,/blogs/news/tbfs-photo-contest-season-3-announced
/in-memoriam-remembering-victor,/blogs/news/in-memoriam-remembering-victor
/tbfs-photo-contest-season-3-winners-announced,/blogs/news/tbfs-photo-contest-season-3-winners-announced
/hannah-mcknight-why-crossdressing-is-important,/blogs/news/hannah-mcknight-why-crossdressing-is-important
/tbfs-girls-meet-ashley-lovelace,/blogs/news/tbfs-girls-meet-ashley-lovelace
/transgender-day-of-visibility-2025-raising-awareness-and-acceptance,/blogs/news/transgender-day-of-visibility-2025-raising-awareness-and-acceptance
/hannah-mcknight-lets-talk-about-panties,/blogs/news/hannah-mcknight-lets-talk-about-panties
/tbfs-best-legs-contest-announced,/blogs/news/tbfs-best-legs-contest-announced
/tbfs-girls-meet-chloe,/blogs/news/tbfs-girls-meet-chloe
/tbfs-girls-meet-linda,/blogs/news/tbfs-girls-meet-linda
/tbfs-girls-meet-dee-chambers,/blogs/news/tbfs-girls-meet-dee-chambers
/crossdressing-101-how-to-tie-a-corset,/blogs/news/crossdressing-101-how-to-tie-a-corset
/crossdressing-101-guide-to-perfume,/blogs/news/crossdressing-101-guide-to-perfume
/tbfs-girls-meet-gabriella-gabby,/blogs/news/tbfs-girls-meet-gabriella-gabby
/hannah-mcknight-multitudes-and-misunderstandings,/blogs/news/hannah-mcknight-multitudes-and-misunderstandings
/announcing-the-winners-of-the-tbfs-best-legs-photo-contest,/blogs/news/announcing-the-winners-of-the-tbfs-best-legs-photo-contest
/tbfs-girls-meet-julia,/blogs/news/tbfs-girls-meet-julia
/announcing-the-random-winners-of-the-tbfs-best-legs-photo-contest,/blogs/news/announcing-the-random-winners-of-the-tbfs-best-legs-photo-contest
/davina-the-shoe-diva-go-big-or-go-home,/blogs/news/davina-the-shoe-diva-go-big-or-go-home
/how-to-attach-divine-collection-breast-forms,/blogs/news/how-to-attach-divine-collection-breast-forms
/hannah-mcknight-the-human-connection,/blogs/news/hannah-mcknight-the-human-connection
/tbfs-girls-meet-norma-jean,/blogs/news/tbfs-girls-meet-norma-jean
/tbfs-girls-meet-sonja-edwards,/blogs/news/tbfs-girls-meet-sonja-edwards
/tbfs-girls-meet-samantha-chepan,/blogs/news/tbfs-girls-meet-samantha-chepan
/crossdressing-101-types-of-breast-forms,/blogs/news/crossdressing-101-types-of-breast-forms
/aacd-caption-story-contest,/blogs/news/aacd-caption-story-contest
/tbfs-girls-meet-kristina-marie,/blogs/news/tbfs-girls-meet-kristina-marie
/crossdressing-101-crossdressers-guide-to-lingerie,/blogs/news/crossdressing-101-crossdressers-guide-to-lingerie
/shipping-update-canada-post-strike,/blogs/news/shipping-update-canada-post-strike
/hannah-mcknight-listen-to-your-heart,/blogs/news/hannah-mcknight-listen-to-your-heart
/tbfs-girls-meet-lexi-scarlett,/blogs/news/tbfs-girls-meet-lexi-scarlett
/a-beginners-guide-to-k-beauty,/blogs/news/a-beginners-guide-to-k-beauty
/10-ways-to-crossdress-at-home,/blogs/news/10-ways-to-crossdress-at-home
/tbfs-girls-meet-amy-myers,/blogs/news/tbfs-girls-meet-amy-myers
/hannah-mcknight-your-reflection-is-yours-alone,/blogs/news/hannah-mcknight-your-reflection-is-yours-alone
/crossdressing-101-feminize-your-posture,/blogs/news/crossdressing-101-feminize-your-posture
/10-ways-to-feel-feminine-every-day,/blogs/news/10-ways-to-feel-feminine-every-day
/gold-seal-naked-torso-breastplate-love-amber,/blogs/news/gold-seal-naked-torso-breastplate-love-amber
/what-are-gaffs-love-amber,/blogs/love-amber/what-are-gaffs-love-amber
/red-lingerie-review-love-amber,/blogs/love-amber/red-lingerie-review-love-amber
/travelling-with-breast-forms,/blogs/news/travelling-with-breast-forms
/tbfs-girls-meet-janet-jones,/blogs/news/tbfs-girls-meet-janet-jones
/hannah-mcknight-princess-save-yourself,/blogs/news/hannah-mcknight-princess-save-yourself
/announcing-the-tbfs-heat-wave-photo-contest,/blogs/news/announcing-the-tbfs-heat-wave-photo-contest
/tbfs-girls-meet-aimee,/blogs/news/tbfs-girls-meet-aimee
/body-dysmorphia-vs-gender-dysphoria,/blogs/news/body-dysmorphia-vs-gender-dysphoria
/10-ways-to-stealth,/blogs/news/10-ways-to-stealth
/crossdressing-101-types-of-shapewear,/blogs/news/crossdressing-101-types-of-shapewear
/crossdressing-101-types-of-panties,/blogs/news/crossdressing-101-types-of-panties
/tbfs-girls-meet-melissa-penning,/blogs/news/tbfs-girls-meet-melissa-penning
/the-history-of-bras,/blogs/news/the-history-of-bras
/hannah-mcknight-joy-to-the-girl,/blogs/news/hannah-mcknight-joy-to-the-girl
/what-is-a-sissy-understanding-the-term-its-context-and-its-relationship-to-crossdressing-community-love-amber,/blogs/news/what-is-a-sissy-understanding-the-term-its-context-and-its-relationship-to-crossdressing-community-love-amber
/types-of-bras-part-1-by-the-straps-and-by-the-closure,/blogs/news/types-of-bras-part-1-by-the-straps-and-by-the-closure
/10-places-to-crossdress-for-the-first-time,/blogs/news/10-places-to-crossdress-for-the-first-time
/celebrating-international-non-binary-peoples-day,/blogs/news/celebrating-international-non-binary-peoples-day
/hannah-mcknight-this-is-me-promise-well-maybe,/blogs/news/hannah-mcknight-this-is-me-promise-well-maybe
/hannah-mcknight-thank-you-im-sorry,/blogs/news/hannah-mcknight-thank-you-im-sorry
/kristina-maries-crossdressing-journey,/blogs/news/kristina-maries-crossdressing-journey
/transgender-and-crossdresser-online-resources,/blogs/news/transgender-and-crossdresser-online-resources
/announcing-the-winners-of-the-tbfs-heat-wave-photo-contest,/blogs/news/announcing-the-winners-of-the-tbfs-heat-wave-photo-contest
/tbfs-heat-wave-photo-contest-top-10-and-staff-favourites,/blogs/news/tbfs-heat-wave-photo-contest-top-10-and-staff-favourites
/tbfs-girls-meet-tiffany,/blogs/news/tbfs-girls-meet-tiffany
/crossdressing-101-how-to-care-for-a-wig,/blogs/wigs-wig-care/crossdressing-101-how-to-care-for-a-wig
/hannah-mcknight-heaven,/blogs/hannah-mcknight/hannah-mcknight-heaven
